<pojos>
<pojo id="application" class="com.yash.pojo.Application">
	<property name="id" value="101"></property>
	<property name="title" value="TestApp"></property>
	<property name="duration" value="1" ></property>
</pojo>
<pojo id="project" class="com.yash.pojo.Project">
	<property name="projectId" value="201"></property>
	<property name="projectName" value="MyProject"></property>
</pojo>
<pojo id="user" class="com.yash.pojo.User">
	<property name="userId" value="301"></property>
	<property name="userName" value="Shyam"></property>
</pojo>
</pojos>